,TUC,ALB,MOB,CHM,SAS,FOR,FAR,PRO,TAC,REN,BOI,WIC,OAK,BAK,SFS,SPR,ANC,EUG,AUG,SJU,DOV,LEX,LAR,LRO,MAN,TOL,JAC,DES
0,1375.6512416624694,1399.871146299922,1451.390764764816,1489.1325269885647,1526.2213133195755,1486.6260700430676,1583.1003142058153,1566.7808761504753,1319.9607983482329,1517.584625857557,1528.0165608341779,1431.203151928434,1547.5768440302895,1458.8261503518293,1552.8740765941768,1428.128590067916,1625.2469416327199,1451.3353122364551,1621.8096753882785,1361.0587062480383,1514.0053514801366,1495.8632966666423,1597.1514099951778,1587.4227407161545,1491.6588406932467,1503.7779124920075,1573.197005523031,1514.5277554807922
